state,pollster,candidate_preference,pct,sample_size,date
Alabama,Ipsos,Harris,55.94114700052887,914,2024-09-22
Alabama,The Washington Post,Trump,46.470354923047125,962,2024-08-13
Alabama,YouGov,Trump,43.401480183936656,678,2024-10-22
Alabama,Quinnipiac,Harris,53.426276926882565,1025,2024-07-28
Alabama,Quinnipiac,Trump,44.725557865574956,694,2024-08-09
Alabama,Quinnipiac,Harris,48.66004692111164,1437,2024-10-02
Alabama,Quinnipiac,Harris,51.408698020502925,1641,2024-10-14
Alabama,The Washington Post,Trump,54.74556248355657,1822,2024-09-08
Alabama,Ipsos,Trump,59.13388859201223,1752,2024-08-06
Alabama,YouGov,Trump,47.03990417718887,1767,2024-07-29
Alaska,Quinnipiac,Trump,49.18849343433976,1537,2024-08-24
Alaska,Siena/NYT,Harris,48.962862277403474,1897,2024-10-29
Alaska,YouGov,Trump,54.67495516408235,1164,2024-10-13
Alaska,Quinnipiac,Trump,54.29509621113539,1101,2024-09-21
Alaska,The Washington Post,Trump,56.62443957757205,1208,2024-09-15
Alaska,YouGov,Harris,57.73132241796702,1510,2024-08-05
Alaska,Siena/NYT,Harris,59.05289147980511,1614,2024-09-10
Alaska,Siena/NYT,Trump,51.01233443710953,1452,2024-10-18
Alaska,Siena/NYT,Harris,50.44671532232314,847,2024-10-27
Alaska,Quinnipiac,Trump,43.41396510601044,1516,2024-08-24
Arizona,Quinnipiac,Trump,49.585431199520826,1878,2024-09-12
Arizona,Ipsos,Harris,45.07641592994332,1339,2024-08-15
Arizona,The Washington Post,Harris,40.7956127403304,525,2024-08-02
Arizona,The Washington Post,Trump,52.69601019565016,1018,2024-08-25
Arizona,YouGov,Harris,50.791218280792236,1949,2024-09-05
Arizona,The Washington Post,Trump,42.802070998586714,710,2024-08-14
Arizona,The Washington Post,Harris,45.67423553671688,1431,2024-08-17
Arizona,YouGov,Harris,51.66061190422624,1092,2024-08-18
Arizona,Ipsos,Trump,43.30051784403622,1054,2024-10-05
Arizona,Ipsos,Harris,41.9260222138837,872,2024-09-02
Arkansas,The Washington Post,Trump,48.57226182706654,1343,2024-09-12
Arkansas,The Washington Post,Trump,47.11523131467402,1666,2024-10-13
Arkansas,The Washington Post,Trump,56.898670797236264,1043,2024-08-14
Arkansas,YouGov,Harris,45.20264947321266,989,2024-08-18
Arkansas,Quinnipiac,Harris,40.46288984362036,1404,2024-08-09
Arkansas,Ipsos,Harris,57.247990793548524,1436,2024-10-21
Arkansas,The Washington Post,Trump,46.69175922404975,1546,2024-08-02
Arkansas,Quinnipiac,Trump,52.63577743433416,1422,2024-10-05
Arkansas,YouGov,Harris,50.928525174967945,1455,2024-08-24
Arkansas,Quinnipiac,Trump,47.52888986375183,808,2024-09-13
California,YouGov,Harris,40.717460301704705,1658,2024-07-25
California,YouGov,Trump,45.578811823390424,1747,2024-09-14
California,The Washington Post,Trump,49.61547197122127,665,2024-10-05
California,Quinnipiac,Harris,47.41684702504426,716,2024-10-15
California,Quinnipiac,Harris,50.19242674391717,1813,2024-10-20
California,The Washington Post,Trump,51.58721862640232,1080,2024-09-02
California,Quinnipiac,Trump,46.73645746707916,571,2024-09-30
California,Ipsos,Trump,44.689132313244045,1087,2024-08-27
California,Ipsos,Harris,37.13667017687112,640,2024-08-13
California,Ipsos,Harris,37.073684551753104,1221,2024-10-08
Colorado,The Washington Post,Harris,59.89872880280018,1358,2024-10-03
Colorado,Ipsos,Harris,42.15773760341108,652,2024-10-15
Colorado,Quinnipiac,Trump,48.37338316719979,793,2024-10-22
Colorado,Ipsos,Trump,54.35769093222916,776,2024-10-24
Colorado,Siena/NYT,Harris,54.85078264493495,1986,2024-10-19
Colorado,Ipsos,Harris,57.439976474270225,540,2024-09-06
Colorado,The Washington Post,Harris,52.15735922101885,930,2024-08-04
Colorado,YouGov,Harris,55.12406702619046,589,2024-09-23
Colorado,The Washington Post,Trump,56.94482596125454,815,2024-09-12
Colorado,Quinnipiac,Trump,52.25559297949076,1746,2024-07-30
Connecticut,Quinnipiac,Trump,55.86448335554451,1027,2024-10-14
Connecticut,Siena/NYT,Harris,40.457093669101596,1639,2024-08-31
Connecticut,The Washington Post,Harris,48.33829099312425,1273,2024-10-28
Connecticut,The Washington Post,Trump,57.49764774926007,1246,2024-08-30
Connecticut,YouGov,Harris,52.94694031123072,955,2024-08-14
Connecticut,Siena/NYT,Harris,58.48957973532379,1097,2024-10-22
Connecticut,Ipsos,Trump,43.444501920603216,1562,2024-09-10
Connecticut,The Washington Post,Trump,46.31625578273088,1682,2024-08-26
Connecticut,Ipsos,Trump,56.085125585086644,1251,2024-08-16
Connecticut,Siena/NYT,Harris,59.779268223792315,1732,2024-10-01
Delaware,Ipsos,Trump,46.44771103747189,873,2024-10-11
Delaware,Ipsos,Harris,40.023832567967474,533,2024-08-24
Delaware,Siena/NYT,Trump,59.843412386253476,1015,2024-08-23
Delaware,YouGov,Trump,42.967047835700214,512,2024-09-21
Delaware,YouGov,Trump,40.98728594370186,568,2024-10-15
Delaware,Quinnipiac,Harris,51.94706965237856,1254,2024-10-04
Delaware,YouGov,Harris,46.42656886950135,908,2024-10-07
Delaware,Quinnipiac,Trump,50.558580006472766,1831,2024-09-07
Delaware,Ipsos,Harris,55.90844040736556,1801,2024-08-24
Delaware,YouGov,Trump,41.37865193653852,1612,2024-08-18
Florida,YouGov,Harris,53.90041394624859,1427,2024-09-29
Florida,The Washington Post,Trump,58.97263014689088,1505,2024-10-21
Florida,Quinnipiac,Harris,45.555386347696185,1036,2024-09-03
Florida,Quinnipiac,Harris,44.988131704740226,1482,2024-08-23
Florida,YouGov,Trump,43.18870960269123,790,2024-10-01
Florida,YouGov,Harris,41.43260112032294,1947,2024-09-05
Florida,The Washington Post,Harris,51.14875166211277,1809,2024-07-21
Florida,YouGov,Trump,49.79674103204161,1170,2024-07-30
Florida,YouGov,Harris,49.88584723789245,620,2024-08-30
Florida,The Washington Post,Trump,57.76743170339614,1633,2024-08-30
Georgia,The Washington Post,Harris,40.734087196178734,1681,2024-08-28
Georgia,Siena/NYT,Harris,44.07487627118826,1587,2024-10-15
Georgia,YouGov,Harris,50.275622783228755,2000,2024-07-26
Georgia,Quinnipiac,Harris,44.726797780022025,979,2024-08-21
Georgia,Ipsos,Trump,51.508713397197425,566,2024-10-31
Georgia,Quinnipiac,Harris,49.64515822939575,1513,2024-09-19
Georgia,Siena/NYT,Harris,51.387053774669766,1608,2024-10-08
Georgia,Quinnipiac,Harris,42.8830463020131,664,2024-10-18
Georgia,YouGov,Harris,42.91417525149882,1574,2024-08-05
Georgia,The Washington Post,Trump,48.24566225986928,1597,2024-07-22
Hawaii,YouGov,Harris,53.660205649212,1701,2024-08-23
Hawaii,YouGov,Harris,53.06855640839785,1885,2024-10-06
Hawaii,Quinnipiac,Harris,58.319726660847664,735,2024-08-19
Hawaii,Siena/NYT,Harris,56.262262649834156,1109,2024-08-17
Hawaii,YouGov,Trump,53.517800024710596,829,2024-10-13
Hawaii,Siena/NYT,Trump,56.14998218603432,1225,2024-10-15
Hawaii,The Washington Post,Harris,42.561288392171264,626,2024-09-16
Hawaii,YouGov,Trump,45.01557067967951,711,2024-08-19
Hawaii,Quinnipiac,Harris,46.63093983195722,1185,2024-10-17
Hawaii,Siena/NYT,Trump,48.14538579899818,1313,2024-08-28
Idaho,Siena/NYT,Harris,52.70735153928399,1833,2024-09-28
Idaho,YouGov,Trump,56.172240898013115,1430,2024-09-26
Idaho,The Washington Post,Harris,45.17602402716875,1377,2024-09-25
Idaho,YouGov,Harris,56.38934279792011,742,2024-09-04
Idaho,Ipsos,Harris,40.30955337919295,1346,2024-09-17
Idaho,YouGov,Trump,53.08801533188671,1636,2024-09-06
Idaho,Ipsos,Trump,56.23439168557525,1482,2024-07-30
Idaho,Siena/NYT,Trump,49.22737853601575,1118,2024-08-17
Idaho,The Washington Post,Harris,44.06834203284234,976,2024-10-04
Idaho,The Washington Post,Trump,40.37536434363574,650,2024-09-25
Illinois,Quinnipiac,Trump,45.66265394445509,1165,2024-07-21
Illinois,YouGov,Trump,58.305452512577176,1266,2024-09-02
Illinois,The Washington Post,Harris,58.673930410295725,659,2024-09-07
Illinois,YouGov,Trump,50.85063227452338,1914,2024-08-22
Illinois,Ipsos,Harris,44.388450919650495,654,2024-08-25
Illinois,The Washington Post,Trump,49.78855608031154,925,2024-08-02
Illinois,YouGov,Harris,56.022974723018706,1528,2024-10-07
Illinois,The Washington Post,Trump,48.152613155543804,825,2024-10-05
Illinois,YouGov,Trump,42.07423133775592,1803,2024-09-04
Illinois,The Washington Post,Trump,45.61130349524319,1288,2024-10-22
Indiana,Ipsos,Trump,47.22932441160083,1761,2024-08-07
Indiana,YouGov,Harris,45.184896821156144,1862,2024-09-08
Indiana,YouGov,Trump,49.41363667137921,1484,2024-10-31
Indiana,Siena/NYT,Harris,47.316909465007484,538,2024-08-15
Indiana,Quinnipiac,Harris,42.425441085360944,1321,2024-08-25
Indiana,Siena/NYT,Harris,40.93987361062318,1485,2024-08-25
Indiana,Quinnipiac,Harris,45.255926083773375,636,2024-09-14
Indiana,The Washington Post,Trump,59.37282335944474,954,2024-09-15
Indiana,Siena/NYT,Harris,49.76990964729339,1088,2024-07-23
Indiana,Ipsos,Harris,49.5564405946061,1606,2024-10-17
Iowa,Quinnipiac,Trump,54.97585762292147,538,2024-07-31
Iowa,YouGov,Trump,53.352804626338184,695,2024-09-09
Iowa,Quinnipiac,Trump,40.98831193521619,1179,2024-08-19
Iowa,YouGov,Harris,53.90210488811135,1809,2024-08-05
Iowa,YouGov,Trump,47.26523133460432,999,2024-07-31
Iowa,Siena/NYT,Trump,57.682672147639096,1484,2024-10-30
Iowa,Siena/NYT,Trump,55.50594459287822,843,2024-10-24
Iowa,YouGov,Trump,42.784072826616466,1833,2024-10-23
Iowa,The Washington Post,Trump,45.90018542483449,958,2024-10-29
Iowa,YouGov,Harris,42.52165570855141,1443,2024-09-24
Kansas,Siena/NYT,Harris,51.79803247563541,1543,2024-08-11
Kansas,The Washington Post,Harris,51.23351217713207,1371,2024-08-06
Kansas,YouGov,Harris,53.774422402493656,694,2024-07-25
Kansas,YouGov,Trump,46.22541618067771,1687,2024-10-07
Kansas,Siena/NYT,Trump,52.11173682939261,1575,2024-10-24
Kansas,Ipsos,Harris,59.82068637851626,1375,2024-09-20
Kansas,Quinnipiac,Trump,54.86409830395132,1033,2024-08-24
Kansas,YouGov,Harris,41.51714260689914,676,2024-10-19
Kansas,Quinnipiac,Trump,49.02337812818587,1053,2024-08-11
Kansas,Siena/NYT,Trump,41.07073869090527,1326,2024-09-21
Kentucky,YouGov,Trump,46.791110280901194,583,2024-10-17
Kentucky,Ipsos,Trump,54.67904297634959,1132,2024-08-04
Kentucky,Ipsos,Harris,40.082138809375465,1915,2024-08-24
Kentucky,The Washington Post,Harris,55.43818964622915,1825,2024-08-19
Kentucky,Siena/NYT,Harris,49.259504224173725,1096,2024-08-23
Kentucky,Ipsos,Harris,54.416807000525296,1205,2024-09-27
Kentucky,The Washington Post,Trump,53.33011434413493,1118,2024-09-27
Kentucky,The Washington Post,Trump,51.44147441256791,1953,2024-09-29
Kentucky,Siena/NYT,Harris,54.07625900115818,1209,2024-07-22
Kentucky,YouGov,Harris,53.144421209581196,1211,2024-10-08
Louisiana,Ipsos,Harris,45.787042900919914,1951,2024-08-12
Louisiana,Quinnipiac,Trump,41.94478911347687,1171,2024-10-15
Louisiana,Quinnipiac,Trump,59.248426421545446,1773,2024-10-16
Louisiana,Quinnipiac,Harris,54.726680582389235,1952,2024-08-10
Louisiana,Quinnipiac,Harris,52.25446937140077,1520,2024-10-10
Louisiana,Siena/NYT,Trump,42.39857761655003,897,2024-08-08
Louisiana,Siena/NYT,Harris,51.00518092978746,1512,2024-07-29
Louisiana,Quinnipiac,Harris,45.25512555614114,1027,2024-10-11
Louisiana,The Washington Post,Harris,57.967216623947024,880,2024-09-20
Louisiana,YouGov,Trump,40.18359891604632,539,2024-10-11
Maine,Siena/NYT,Trump,44.72469871863723,1021,2024-09-27
Maine,Siena/NYT,Harris,42.600891906768084,972,2024-09-03
Maine,Quinnipiac,Trump,46.52466293424368,699,2024-10-08
Maine,Quinnipiac,Harris,54.5279777655378,1648,2024-10-31
Maine,YouGov,Trump,59.834904707968235,764,2024-08-21
Maine,YouGov,Harris,54.30267055518925,1274,2024-09-06
Maine,Siena/NYT,Trump,50.08879621978849,685,2024-08-04
Maine,Siena/NYT,Harris,48.72095343656838,1775,2024-08-15
Maine,Siena/NYT,Trump,58.97650501225144,957,2024-08-09
Maine,The Washington Post,Harris,42.40362975280732,1675,2024-08-24
Maryland,The Washington Post,Trump,41.502903532236814,1330,2024-09-13
Maryland,Quinnipiac,Trump,57.780429855920374,1577,2024-08-20
Maryland,YouGov,Harris,48.48904190119356,1418,2024-08-13
Maryland,The Washington Post,Harris,40.84721357561648,734,2024-08-06
Maryland,Siena/NYT,Harris,52.9488428728655,1812,2024-09-29
Maryland,Quinnipiac,Harris,49.372383248992264,684,2024-09-15
Maryland,YouGov,Trump,52.358522466383874,912,2024-10-05
Maryland,The Washington Post,Trump,45.41630865074694,1126,2024-08-24
Maryland,Siena/NYT,Trump,43.14590573310852,1021,2024-09-16
Maryland,Ipsos,Harris,42.28508540429175,1832,2024-09-12
Massachusetts,YouGov,Harris,50.15365726314485,1577,2024-08-02
Massachusetts,YouGov,Harris,50.960645750164986,704,2024-10-06
Massachusetts,The Washington Post,Harris,42.81292378902435,1278,2024-09-26
Massachusetts,Siena/NYT,Trump,43.395381001755595,1063,2024-08-14
Massachusetts,YouGov,Harris,55.23970646318048,1293,2024-08-18
Massachusetts,Siena/NYT,Trump,50.5478988122195,1914,2024-09-11
Massachusetts,The Washington Post,Trump,57.21978715155274,908,2024-08-05
Massachusetts,Siena/NYT,Trump,53.4710997575894,1869,2024-08-30
Massachusetts,Ipsos,Trump,40.26082059368491,659,2024-07-29
Massachusetts,Ipsos,Harris,53.8639780273661,967,2024-08-26
Michigan,Siena/NYT,Trump,57.8342746431008,1419,2024-09-12
Michigan,YouGov,Trump,52.6370035065338,1580,2024-10-14
Michigan,Siena/NYT,Harris,42.14589309878647,956,2024-10-14
Michigan,The Washington Post,Harris,58.42130407691002,1116,2024-08-13
Michigan,Ipsos,Trump,53.50724762305617,856,2024-08-03
Michigan,Quinnipiac,Harris,42.97187425196171,778,2024-08-19
Michigan,The Washington Post,Trump,54.90683684591204,769,2024-09-20
Michigan,The Washington Post,Harris,58.85197723750025,1377,2024-08-29
Michigan,Siena/NYT,Trump,48.41566751245409,1145,2024-10-23
Michigan,The Washington Post,Trump,45.95446156337857,846,2024-08-28
Minnesota,Ipsos,Harris,45.188533402979374,1652,2024-10-29
Minnesota,YouGov,Trump,44.457626338116825,717,2024-09-30
Minnesota,The Washington Post,Harris,51.313086869195104,1117,2024-08-03
Minnesota,Siena/NYT,Trump,55.13300265651196,1197,2024-09-06
Minnesota,YouGov,Harris,53.39207091834396,836,2024-09-23
Minnesota,Quinnipiac,Harris,50.93045588582754,1296,2024-08-12
Minnesota,Ipsos,Trump,56.22927315533161,525,2024-08-15
Minnesota,Quinnipiac,Trump,55.18333604093641,1038,2024-09-04
Minnesota,Siena/NYT,Harris,40.401369323953986,1480,2024-08-12
Minnesota,Siena/NYT,Trump,47.61807400267571,1455,2024-10-23
Mississippi,YouGov,Trump,41.017602272331715,1223,2024-09-21
Mississippi,The Washington Post,Trump,55.95805874560028,1913,2024-08-10
Mississippi,The Washington Post,Trump,58.47398426383734,1745,2024-10-09
Mississippi,Quinnipiac,Harris,50.85196740925312,1170,2024-08-28
Mississippi,The Washington Post,Trump,57.047292003408074,1360,2024-09-29
Mississippi,The Washington Post,Trump,51.67125726584345,1156,2024-09-03
Mississippi,Ipsos,Trump,53.366472870111465,1459,2024-09-05
Mississippi,The Washington Post,Harris,50.22629193030298,1944,2024-10-04
Mississippi,The Washington Post,Harris,55.25501178577542,1580,2024-10-24
Mississippi,YouGov,Trump,58.0672457581386,1159,2024-09-04
Missouri,YouGov,Harris,56.409490243531764,662,2024-10-11
Missouri,Ipsos,Trump,41.42863699235022,737,2024-09-18
Missouri,Ipsos,Trump,40.07792686112225,1077,2024-10-11
Missouri,Quinnipiac,Harris,41.043972317129374,829,2024-10-17
Missouri,Ipsos,Trump,57.33120359480381,1748,2024-08-06
Missouri,YouGov,Trump,51.52490337844938,1912,2024-07-29
Missouri,The Washington Post,Harris,46.276851440779865,616,2024-08-12
Missouri,The Washington Post,Harris,59.189315675757825,1147,2024-08-20
Missouri,Quinnipiac,Trump,51.82387514039874,1578,2024-08-27
Missouri,YouGov,Harris,50.62818671576679,1740,2024-08-22
Montana,The Washington Post,Trump,47.67873343080282,1096,2024-10-08
Montana,YouGov,Harris,46.391064589843154,1056,2024-09-18
Montana,The Washington Post,Trump,56.16772510576993,914,2024-09-30
Montana,Ipsos,Trump,40.838389969430864,1657,2024-07-25
Montana,Quinnipiac,Trump,47.27485389448702,1456,2024-09-21
Montana,Siena/NYT,Trump,57.13193933945149,1372,2024-10-02
Montana,Quinnipiac,Harris,53.95893156994134,1187,2024-08-30
Montana,Quinnipiac,Harris,53.68972945958376,1256,2024-10-20
Montana,Ipsos,Trump,46.960301054641604,1487,2024-08-26
Montana,The Washington Post,Trump,51.093636588193476,946,2024-09-04
Nebraska,Ipsos,Trump,42.74487235117704,1627,2024-10-11
Nebraska,Siena/NYT,Trump,55.69863112643361,1320,2024-10-25
Nebraska,Quinnipiac,Harris,57.737251431681216,1330,2024-08-05
Nebraska,Ipsos,Harris,44.0819176658988,1210,2024-07-26
Nebraska,Ipsos,Trump,55.41245922911912,1991,2024-09-10
Nebraska,Quinnipiac,Trump,51.927259215153754,1733,2024-09-30
Nebraska,Ipsos,Trump,59.15339484810829,848,2024-10-17
Nebraska,The Washington Post,Trump,43.173767952248454,1924,2024-10-06
Nebraska,YouGov,Trump,50.51948548294604,1781,2024-10-23
Nebraska,Ipsos,Harris,57.463027350604534,676,2024-09-04
Nevada,Siena/NYT,Harris,57.39412140566856,885,2024-10-17
Nevada,Quinnipiac,Harris,40.47377286478877,1664,2024-07-28
Nevada,The Washington Post,Trump,59.5177938695997,523,2024-09-01
Nevada,Quinnipiac,Harris,49.80448396410793,1444,2024-08-13
Nevada,Quinnipiac,Harris,47.783406460657716,1522,2024-07-25
Nevada,Ipsos,Harris,48.351099197752774,1989,2024-08-03
Nevada,The Washington Post,Trump,41.85851640999317,1653,2024-10-25
Nevada,The Washington Post,Harris,43.236184203997254,664,2024-09-23
Nevada,Siena/NYT,Harris,48.10832990333438,1900,2024-10-29
Nevada,Ipsos,Trump,46.83628888335079,669,2024-10-27
New Hampshire,Quinnipiac,Harris,48.3051490643993,1968,2024-07-24
New Hampshire,Siena/NYT,Trump,46.08104938175529,1209,2024-08-24
New Hampshire,Siena/NYT,Trump,51.205610749311745,1757,2024-10-10
New Hampshire,The Washington Post,Harris,43.11748301144689,921,2024-07-30
New Hampshire,The Washington Post,Harris,59.1315952828154,1007,2024-08-01
New Hampshire,Quinnipiac,Harris,40.879332507029176,563,2024-09-06
New Hampshire,YouGov,Trump,47.44315485469997,579,2024-07-23
New Hampshire,Quinnipiac,Trump,59.25230682827532,1047,2024-08-15
New Hampshire,Siena/NYT,Trump,52.908550314605236,1486,2024-10-04
New Hampshire,The Washington Post,Trump,41.22525228653103,974,2024-09-18
New Jersey,The Washington Post,Harris,48.19891856983304,790,2024-10-29
New Jersey,Ipsos,Harris,48.51810268126428,1264,2024-09-03
New Jersey,Quinnipiac,Trump,50.16316169407219,1866,2024-07-28
New Jersey,YouGov,Harris,48.99199821520597,1846,2024-08-06
New Jersey,Quinnipiac,Harris,52.465227670036256,978,2024-07-25
New Jersey,Siena/NYT,Harris,42.799558620899916,1973,2024-10-11
New Jersey,Siena/NYT,Trump,58.15892801620066,1634,2024-10-30
New Jersey,YouGov,Trump,51.38886549510062,1290,2024-08-21
New Jersey,Quinnipiac,Harris,50.965611478313804,1404,2024-07-22
New Jersey,Quinnipiac,Harris,42.33655245043337,1840,2024-08-06
New Mexico,The Washington Post,Harris,55.240566646680236,1306,2024-09-07
New Mexico,Quinnipiac,Trump,49.56738893408328,1745,2024-09-30
New Mexico,The Washington Post,Harris,55.639378293417394,1810,2024-09-09
New Mexico,YouGov,Trump,40.92053097207099,791,2024-08-07
New Mexico,Ipsos,Trump,56.39689335599542,1749,2024-08-15
New Mexico,Siena/NYT,Trump,45.388168948702514,796,2024-08-19
New Mexico,Ipsos,Harris,45.65700829029083,1359,2024-10-11
New Mexico,Ipsos,Trump,52.864431189373136,1104,2024-09-27
New Mexico,Quinnipiac,Trump,58.96237675566226,1136,2024-10-21
New Mexico,YouGov,Harris,40.13996908906847,1562,2024-10-21
New York,Ipsos,Trump,44.03235344029963,1760,2024-09-04
New York,Siena/NYT,Trump,45.380914498120546,664,2024-08-01
New York,Ipsos,Harris,46.15753594134003,1118,2024-09-14
New York,Ipsos,Trump,51.23385158646852,1556,2024-07-21
New York,The Washington Post,Harris,55.39696115348488,582,2024-09-06
New York,The Washington Post,Harris,49.54221401177347,1919,2024-10-22
New York,YouGov,Harris,55.043635566718876,1365,2024-09-10
New York,Siena/NYT,Harris,52.146583183668554,776,2024-07-27
New York,Siena/NYT,Trump,39.75716731324792,1732,2024-09-27
New York,Ipsos,Trump,40.06509756017476,1522,2024-07-30
North Carolina,Siena/NYT,Harris,43.8262437377125,575,2024-08-25
North Carolina,The Washington Post,Harris,48.66370281204581,1617,2024-07-28
North Carolina,Ipsos,Trump,41.744386036880314,1553,2024-09-07
North Carolina,The Washington Post,Trump,44.47560002095997,1740,2024-10-23
North Carolina,YouGov,Trump,51.44297359045595,1445,2024-09-27
North Carolina,Ipsos,Harris,48.00338356755674,1698,2024-08-28
North Carolina,Ipsos,Trump,51.309307613410056,873,2024-08-11
North Carolina,Quinnipiac,Trump,56.592477574013174,822,2024-10-04
North Carolina,YouGov,Trump,52.842276389710605,614,2024-07-30
North Carolina,The Washington Post,Harris,47.82997503411025,1900,2024-09-20
North Dakota,Siena/NYT,Harris,54.191597094759345,1349,2024-10-21
North Dakota,Siena/NYT,Trump,42.17648146208376,1107,2024-10-22
North Dakota,Ipsos,Trump,45.4724546847865,1988,2024-09-23
North Dakota,Ipsos,Harris,51.87733865343034,1881,2024-09-05
North Dakota,Siena/NYT,Trump,43.203696268610656,1181,2024-08-03
North Dakota,Quinnipiac,Harris,57.06860477570444,1947,2024-09-29
North Dakota,Quinnipiac,Trump,56.95478315465152,1437,2024-09-21
North Dakota,YouGov,Trump,49.55773625057191,1619,2024-08-23
North Dakota,YouGov,Trump,55.47384244855493,896,2024-10-02
North Dakota,Quinnipiac,Trump,45.90800161007792,1927,2024-10-07
Ohio,The Washington Post,Trump,41.31256223656237,1671,2024-08-08
Ohio,YouGov,Trump,48.81066249683499,1488,2024-10-10
Ohio,The Washington Post,Harris,49.24197715707123,891,2024-08-11
Ohio,The Washington Post,Trump,46.818687403574586,1092,2024-08-07
Ohio,The Washington Post,Trump,43.70280637405813,1970,2024-09-09
Ohio,Ipsos,Harris,50.139954537153244,1861,2024-09-25
Ohio,YouGov,Trump,40.38382061291486,1243,2024-09-10
Ohio,Quinnipiac,Harris,55.47372078988701,742,2024-09-21
Ohio,The Washington Post,Trump,51.1933015845716,605,2024-08-26
Ohio,Quinnipiac,Trump,52.82925278414041,510,2024-08-07
Oklahoma,Ipsos,Trump,49.368642373010516,1124,2024-08-30
Oklahoma,YouGov,Trump,45.58447621297091,1887,2024-09-23
Oklahoma,Quinnipiac,Harris,49.224331406876445,885,2024-08-28
Oklahoma,Ipsos,Harris,55.854766834527254,902,2024-08-04
Oklahoma,YouGov,Harris,51.711311526596546,960,2024-09-07
Oklahoma,Ipsos,Harris,47.89517971687019,640,2024-09-28
Oklahoma,YouGov,Trump,56.22474699281156,530,2024-10-25
Oklahoma,YouGov,Harris,46.371261877939105,1638,2024-10-30
Oklahoma,Ipsos,Trump,51.62894676439464,593,2024-08-29
Oklahoma,The Washington Post,Harris,49.109779158607125,515,2024-10-02
Oregon,YouGov,Harris,45.37606899626553,1943,2024-09-18
Oregon,Siena/NYT,Trump,51.103544095531106,677,2024-08-23
Oregon,Quinnipiac,Harris,44.624617686495185,1940,2024-10-18
Oregon,YouGov,Trump,50.864657959900796,1987,2024-08-07
Oregon,Ipsos,Harris,48.95140282344073,1935,2024-09-27
Oregon,Siena/NYT,Harris,42.60576273780316,676,2024-09-18
Oregon,Siena/NYT,Harris,52.4345196550712,1023,2024-08-24
Oregon,Siena/NYT,Trump,50.95988566521555,1960,2024-09-28
Oregon,The Washington Post,Harris,42.984884274192154,1423,2024-10-21
Oregon,Siena/NYT,Trump,51.190917384810746,703,2024-09-12
Pennsylvania,Quinnipiac,Harris,48.5377115290612,1698,2024-09-01
Pennsylvania,YouGov,Harris,48.954601967707276,872,2024-10-01
Pennsylvania,YouGov,Harris,56.66589543223381,1145,2024-08-11
Pennsylvania,Siena/NYT,Trump,54.3917456548661,1987,2024-08-09
Pennsylvania,The Washington Post,Trump,49.13773511070758,883,2024-09-05
Pennsylvania,Ipsos,Harris,50.42528525926173,1645,2024-10-22
Pennsylvania,Siena/NYT,Harris,44.849141552113,1922,2024-10-31
Pennsylvania,Ipsos,Trump,41.51721669360995,1926,2024-08-30
Pennsylvania,Ipsos,Harris,47.825901824980974,814,2024-08-03
Pennsylvania,YouGov,Trump,40.262164319865406,758,2024-08-18
Rhode Island,The Washington Post,Harris,57.34998937230557,993,2024-07-31
Rhode Island,The Washington Post,Harris,59.852313473820686,1812,2024-09-18
Rhode Island,Ipsos,Trump,54.17710776440799,1571,2024-08-09
Rhode Island,Siena/NYT,Harris,56.53430980630219,1854,2024-10-09
Rhode Island,Siena/NYT,Trump,57.83792539034039,1623,2024-10-16
Rhode Island,YouGov,Harris,50.78821465373039,1515,2024-09-09
Rhode Island,Siena/NYT,Trump,51.10627183690667,1631,2024-10-17
Rhode Island,YouGov,Harris,45.528797674924135,1824,2024-08-02
Rhode Island,The Washington Post,Trump,53.18395851645619,509,2024-10-04
Rhode Island,Siena/NYT,Harris,44.86870484892279,669,2024-07-26
South Carolina,The Washington Post,Harris,45.76532409526408,1803,2024-09-25
South Carolina,YouGov,Harris,54.31561917066574,1871,2024-10-20
South Carolina,YouGov,Trump,54.55067266244441,901,2024-09-02
South Carolina,YouGov,Harris,43.46086077392101,1732,2024-07-31
South Carolina,Quinnipiac,Harris,46.126225176267326,1991,2024-08-08
South Carolina,YouGov,Harris,47.39814553409815,1832,2024-07-31
South Carolina,YouGov,Trump,41.55443108640611,1918,2024-09-21
South Carolina,Ipsos,Harris,54.26300377584994,607,2024-10-28
South Carolina,The Washington Post,Trump,51.0184545814991,507,2024-08-11
South Carolina,Siena/NYT,Harris,42.71730792708695,1125,2024-07-31
South Dakota,Siena/NYT,Trump,59.48327388148755,760,2024-08-16
South Dakota,Ipsos,Harris,51.23926317784935,1040,2024-07-22
South Dakota,YouGov,Trump,55.76818763278425,1829,2024-10-31
South Dakota,YouGov,Harris,56.97828168515116,825,2024-07-26
South Dakota,Ipsos,Harris,57.56083549465984,1597,2024-10-31
South Dakota,YouGov,Harris,56.00952747743577,781,2024-10-28
South Dakota,YouGov,Harris,52.80296972952783,1790,2024-09-13
South Dakota,Quinnipiac,Trump,52.57855521515012,1785,2024-09-06
South Dakota,YouGov,Trump,45.42818009387702,703,2024-08-17
South Dakota,Siena/NYT,Harris,40.59879650827497,1742,2024-08-18
Tennessee,The Washington Post,Harris,48.39728429913521,1195,2024-09-26
Tennessee,Quinnipiac,Trump,47.10869342088699,1875,2024-08-30
Tennessee,The Washington Post,Trump,47.84662507940084,1166,2024-07-25
Tennessee,YouGov,Harris,43.43873664736748,1489,2024-10-23
Tennessee,Siena/NYT,Trump,46.392842386849225,1642,2024-07-29
Tennessee,Quinnipiac,Harris,48.27110128477216,951,2024-10-11
Tennessee,The Washington Post,Trump,55.1867139339447,1355,2024-08-17
Tennessee,YouGov,Harris,45.43780410196632,1121,2024-08-04
Tennessee,Siena/NYT,Trump,42.311649140901864,1145,2024-09-18
Tennessee,Siena/NYT,Harris,40.5867322999984,1559,2024-10-03
Texas,Ipsos,Harris,59.137105957604945,1578,2024-10-21
Texas,Ipsos,Trump,52.60252873133868,1763,2024-08-06
Texas,The Washington Post,Harris,59.12495880573988,1390,2024-09-19
Texas,Ipsos,Trump,44.5801136335358,1827,2024-08-30
Texas,The Washington Post,Harris,45.30674819089472,1533,2024-08-14
Texas,Ipsos,Trump,45.5883257901296,1164,2024-10-04
Texas,Quinnipiac,Harris,57.77497084066272,1945,2024-08-08
Texas,Siena/NYT,Trump,58.141970668919384,1628,2024-09-10
Texas,Quinnipiac,Trump,62.84910617116839,1292,2024-09-29
Texas,Quinnipiac,Harris,55.491059745661914,1911,2024-07-31
Utah,Quinnipiac,Trump,45.773802171461284,962,2024-08-04
Utah,The Washington Post,Trump,43.998235487379134,1703,2024-10-01
Utah,The Washington Post,Trump,56.01835697423667,777,2024-10-16
Utah,Ipsos,Trump,54.55525420606136,1896,2024-10-11
Utah,The Washington Post,Trump,44.34095949400216,740,2024-07-31
Utah,Quinnipiac,Harris,54.88477010745555,523,2024-08-22
Utah,YouGov,Harris,57.33307416550815,1178,2024-10-01
Utah,The Washington Post,Harris,50.58811512775719,536,2024-08-12
Utah,YouGov,Trump,51.97277093771845,1185,2024-08-06
Utah,YouGov,Harris,58.75264664646238,1065,2024-07-30
Vermont,YouGov,Trump,59.01448196731508,1826,2024-09-30
Vermont,Ipsos,Harris,53.21064602583647,518,2024-08-07
Vermont,The Washington Post,Harris,41.44573161844164,877,2024-08-13
Vermont,Ipsos,Trump,56.52663157321513,1048,2024-10-30
Vermont,Siena/NYT,Harris,49.5908815599978,1767,2024-10-17
Vermont,Siena/NYT,Harris,47.82457566820085,547,2024-09-08
Vermont,Ipsos,Trump,45.98245551344007,1711,2024-09-29
Vermont,Siena/NYT,Trump,44.88616499118507,963,2024-10-31
Vermont,Siena/NYT,Trump,48.43620263505727,892,2024-08-01
Vermont,The Washington Post,Trump,58.75540353823453,1662,2024-10-08
Virginia,Siena/NYT,Harris,45.28970233164728,1822,2024-07-23
Virginia,Ipsos,Trump,51.37137508019805,1894,2024-08-20
Virginia,The Washington Post,Trump,44.04369135387242,1169,2024-10-27
Virginia,Siena/NYT,Harris,43.856112537905574,1712,2024-08-10
Virginia,YouGov,Harris,54.37223490327597,810,2024-09-20
Virginia,YouGov,Harris,46.27035791054368,688,2024-08-23
Virginia,Quinnipiac,Trump,42.76780254673213,1941,2024-08-17
Virginia,Siena/NYT,Harris,41.16061395499855,1905,2024-08-25
Virginia,Siena/NYT,Harris,58.6219928227365,537,2024-08-15
Virginia,YouGov,Harris,51.36676024179906,1607,2024-07-21
Washington,The Washington Post,Harris,42.35540721099824,818,2024-10-18
Washington,Ipsos,Trump,51.29588962998241,1185,2024-08-10
Washington,Siena/NYT,Trump,50.80512365791947,1345,2024-08-31
Washington,Siena/NYT,Harris,56.39365036971867,1925,2024-10-13
Washington,Quinnipiac,Harris,54.059590077959,619,2024-10-30
Washington,Siena/NYT,Harris,51.35496747214347,1211,2024-08-24
Washington,The Washington Post,Harris,54.426185325719416,1854,2024-10-22
Washington,Quinnipiac,Trump,55.04888426978141,940,2024-08-01
Washington,The Washington Post,Harris,47.62845193501562,1722,2024-10-25
Washington,The Washington Post,Trump,45.76020562555641,1098,2024-08-02
West Virginia,Siena/NYT,Harris,50.63366654329002,571,2024-09-08
West Virginia,The Washington Post,Trump,45.192921427078545,1838,2024-09-22
West Virginia,The Washington Post,Trump,56.63580635562539,1213,2024-08-22
West Virginia,YouGov,Harris,48.10727769508958,1176,2024-08-13
West Virginia,YouGov,Trump,41.452638511545956,580,2024-07-29
West Virginia,Quinnipiac,Harris,59.075172492302954,1578,2024-08-20
West Virginia,The Washington Post,Harris,44.34367565903813,633,2024-10-24
West Virginia,Siena/NYT,Trump,48.11250533442944,923,2024-09-24
West Virginia,Ipsos,Harris,52.51336630899459,1255,2024-08-20
West Virginia,Quinnipiac,Trump,52.56809607613832,505,2024-09-18
Wisconsin,YouGov,Trump,46.56477328389883,1651,2024-10-19
Wisconsin,Quinnipiac,Trump,42.77818983886391,1378,2024-10-27
Wisconsin,The Washington Post,Trump,58.293143408373,1167,2024-10-25
Wisconsin,Quinnipiac,Harris,51.98231934569776,548,2024-08-12
Wisconsin,Siena/NYT,Trump,54.99214191921055,1999,2024-08-26
Wisconsin,YouGov,Harris,58.37909490335733,1762,2024-10-02
Wisconsin,Quinnipiac,Harris,50.57530791964382,1863,2024-09-01
Wisconsin,Ipsos,Trump,47.43957492057234,692,2024-08-08
Wisconsin,Siena/NYT,Harris,41.31616642232984,1208,2024-08-05
Wisconsin,The Washington Post,Trump,57.0873984741047,958,2024-08-28
Wyoming,The Washington Post,Trump,50.20822602789849,802,2024-10-24
Wyoming,Ipsos,Harris,44.199961172416806,1671,2024-09-08
Wyoming,Siena/NYT,Trump,47.51686873380095,1397,2024-08-08
Wyoming,Ipsos,Trump,44.14730999618769,689,2024-07-24
Wyoming,YouGov,Harris,49.18481634464115,690,2024-09-09
Wyoming,The Washington Post,Harris,44.83004500158131,945,2024-08-24
Wyoming,YouGov,Trump,42.37380644772202,618,2024-08-23
Wyoming,The Washington Post,Trump,41.44938299432397,1582,2024-08-18
Wyoming,Siena/NYT,Trump,53.81979699712247,1316,2024-10-05
Wyoming,YouGov,Trump,45.73915238492191,560,2024-10-28
